{
  "company_info": {
    "name": "COMPANHIA DE DESENVOLVIMENTO ECONOMICO DE GOIAS-CODEGO",
    "cnpj": "01.285.170/0001-22",
    "period": "01/01/2024 A 31/12/2024"
  },
  "balance_sheet": {
    "assets": {
      "current_assets": {
        "cash_and_equivalents": 55786378.57,
        "accounts_receivable": 3601184.5,
        "other_current_assets": 95122.76,
        "total_current_assets": 59482685.83
      },
      "non_current_assets": {
        "long_term_assets": 101111493.55,
        "water_sewage_infrastructure": {
          "gross_value": 32348071.63,
          "accumulated_depreciation": -32344398.55,
          "net_value": 3673.079999998212
        },
        "total_non_current_assets": 101115166.63
      },
      "total_assets": 192847128.25
    },
    "liabilities": {
      "current_liabilities": {
        "customer_advances": 49631.94,
        "other_current_liabilities": 0,
        "total_current_liabilities": 49631.94
      },
      "non_current_liabilities": {
        "estimated_long_term_debt": 38655127.75999999,
        "total_non_current_liabilities": 38655127.75999999
      },
      "total_liabilities": 38704759.69999999
    },
    "equity": {
      "capital_social": 420447038.1,
      "capital_a_integralizar": -579552961.9,
      "accumulated_losses": -266304669.55,
      "total_equity": 154142368.55
    }
  },
  "income_statement": {
    "revenue": {
      "water_services": {
        "service_sales": 13695171.23,
        "sales_to_record": 6734533.52,
        "total_water_revenue": 20429704.75
      },
      "other_revenue": {
        "land_sales": 25989.35,
        "total_other_revenue": 25989.35
      },
      "total_revenue": 20455694.1
    },
    "expenses": {
      "operating_expenses": {
        "total_opex": 95122.76,
        "estimated_water_opex": 66585.93199999999
      },
      "depreciation": {
        "water_sewage_depreciation": 32344398.55,
        "total_depreciation": 0
      },
      "taxes": {
        "pis": 76003.94,
        "cofins": 324664.37,
        "total_pis_cofins": 400668.31
      }
    }
  },
  "water_sewage_operations": {
    "infrastructure": {
      "water_supply_system": {
        "gross_value": 32348071.63,
        "accumulated_depreciation": -32344398.55,
        "net_book_value": 3673.079999998212
      },
      "total_infrastructure_net": 3673.079999998212
    },
    "operations": {
      "water_volume_provided_m3": 6241307,
      "revenue_per_m3": 3.273305535202803,
      "opex_per_m3": 0.010668587845462495
    },
    "receivables": {
      "saneago": 1428394.47,
      "jaragua": 544271.69,
      "sao_miguel_araguaia": 18000.0,
      "customer_advances": 49631.94
    }
  },
  "regulatory_calculations": {
    "wacc": {
      "debt_ratio": 0.20070176855226252,
      "equity_ratio": 0.7992982314477375,
      "cost_of_debt": 0.12,
      "cost_of_equity": 0.15,
      "tax_rate": 0.34,
      "wacc": 0.1357903147864998
    },
    "regulatory_asset_base": {
      "water_sewage_assets_gross": 32348071.63,
      "accumulated_depreciation": 32344398.55,
      "net_regulatory_base": 3673.079999998212,
      "percentage_of_total_assets": 1.904658904350686e-05
    },
    "opex": {
      "total_operating_expenses": 95122.76,
      "estimated_water_opex": 66585.93199999999,
      "water_opex_percentage": 0.7
    },
    "taxes": {
      "pis_rate": 0.0165,
      "cofins_rate": 0.076,
      "total_pis_cofins": 400668.31
    }
  },
  "tariff_calculation_inputs": {
    "water_volume_m3": 6241307,
    "net_regulatory_base": 3673.079999998212,
    "annual_depreciation": 32344398.55,
    "water_opex": 66585.93199999999,
    "pis_cofins": 400668.31,
    "wacc_to_calculate": 0.1357903147864998
  }
}